_id,first_name,last_name,email,gender,phone
u1,Patricia,Rivers,moorechristopher@example.net,Other,+213000000000
u2,Rebekah,Watts,johnathandixon@example.org,None,+213000000000
u3,Glenn,Costa,fthornton@example.net,Female,+213000000000
u4,Terrance,Vargas,johnhawkins@example.com,Male,+213000000000
u5,Christy,Martinez,donna87@example.org,Unknown,+213000000000
u6,David,Warner,debra77@example.net,Male,+213000000000
u7,Mary,Vasquez,kathrynmckinney@example.net,Unknown,+213000000000
u8,Karen,Watkins,jamie83@example.com,Other,+213000000000
u9,Unknown,Ramos,samanthastephens@example.org,Female,+213000000000
u10,Austin,Glass,graydebra@example.net,Female,+213000000000
u11,Lisa,Osborn,droberson@example.org,None,+213000000000
u12,Kristy,Malone,eric77@example.com,Other,+213000000000
u13,Pamela,Riggs,zrodriguez@example.com,Female,+213000000000
u14,Kristen,Padilla,ucarter@example.com,None,+213000000000
u15,Unknown,Alexander,unknown@example.com,Male,+213000000000
u16,Unknown,Young,lisa57@example.org,Female,+213000000000
u17,Unknown,Newman,perezcarl@example.net,Female,+213000000000
u18,Jason,Martinez,mdiaz@example.com,Other,+213000000000
u19,Aaron,Hendricks,cynthia66@example.com,None,+213000000000
u20,Jennifer,Fletcher,cainkaitlyn@example.com,Unknown,+213000000000
u21,Christine,Unknown,ulopez@example.net,Female,+213000000000
u22,Megan,Robertson,joshua43@example.com,Other,+213000000000
u23,Sherri,Weber,nicholas84@example.org,None,+213000000000
u24,Deanna,Ho,migueldecker@example.com,None,+213000000000
u25,Ethan,White,jenniferthompson@example.com,Unknown,+213000000000
u26,Emily,Baldwin,gillespiealexis@example.net,Male,+213000000000
u27,Henry,Byrd,vshepard@example.org,Male,+213000000000
u28,Duane,Fletcher,williamsdonald@example.org,None,+213000000000
u29,Michaela,Floyd,bwarren@example.com,Unknown,+213000000000
u30,Leonard,Chambers,michael53@example.net,Other,+213000000000
u31,Sarah,Williams,xbailey@example.net,None,+213000000000
u32,Russell,Galvan,unknown@example.com,Other,+213000000000
u33,Alexander,Smith,kiara41@example.net,Other,+213000000000
u34,Rachel,Unknown,angeladay@example.org,Other,+213000000000
u35,Karina,Williams,jstevens@example.net,Female,+213000000000
u36,Adrienne,Garcia,unknown@example.com,Female,+213000000000
u37,Cody,Rodriguez,yhowell@example.org,123,+213000000000
u38,Teresa,Jones,josephgilbert@example.net,Other,+213000000000
u39,Samuel,Clark,merickson@example.com,Female,+213000000000
u40,Kendra,Mccarty,unknown@example.com,Female,+213000000000
u41,Douglas,Hood,hellis@example.net,123,+213000000000
u42,Diane,Morris,hartjoshua@example.net,Unknown,+213000000000
u43,Ann,Rice,unknown@example.com,Female,+213000000000
u44,Kevin,Jarvis,stricklandsally@example.net,None,+213000000000
u45,John,Martin,natalie05@example.org,Other,+213000000000
u46,Unknown,Ruiz,obowers@example.net,None,+213000000000
u47,Lawrence,Cook,jsmith@example.net,123,+213000000000
u48,Gary,Ferguson,sandrapoole@example.org,Unknown,+213000000000
u49,Jessica,Cherry,skinnerashley@example.org,123,+213000000000
u50,Sharon,Warren,shepardbrenda@example.net,Male,+213000000000
u51,Gabriela,Johnson,aguirrecory@example.org,None,+213000000000
u52,Timothy,Oliver,kaufmananthony@example.com,123,+213000000000
u53,Michael,Campos,williamskatie@example.com,Unknown,+213000000000
u54,Andrew,Reyes,kimberlygregory@example.org,Female,+213000000000
u55,Kristin,Smith,taylormichelle@example.org,Unknown,+213000000000
u56,Bill,Harris,belinda52@example.com,Other,+213000000000
u57,Robert,Parker,lopezaaron@example.com,None,+213000000000
u58,Sara,Fletcher,thomasandrew@example.net,None,+213000000000
u59,Thomas,Myers,cbarnes@example.org,None,+213000000000
u60,David,Mendez,jacob31@example.com,Male,+213000000000
u61,Unknown,Hart,yphillips@example.net,Male,+213000000000
u62,Nathan,Gibson,gregory74@example.net,123,+213000000000
u63,Michael,Hogan,rojasbrenda@example.net,Unknown,+213000000000
u64,Derek,Moore,dking@example.net,Unknown,+213000000000
u65,Ryan,Barber,uevans@example.org,123,+213000000000
u66,Unknown,Hayes,debbiegonzales@example.net,Other,+213000000000
u67,Teresa,King,lhunt@example.com,Female,+213000000000
u68,Nicholas,Duran,jessica28@example.net,Female,+213000000000
u69,Jeffery,Pacheco,icampos@example.com,123,+213000000000
u70,Richard,Taylor,amandajohnson@example.com,Unknown,+213000000000
u71,Michelle,Serrano,goldenedward@example.org,None,+213000000000
u72,Vanessa,Beltran,jessica05@example.net,None,+213000000000
u73,Jonathon,Cook,donaldwall@example.org,123,+213000000000
u74,Diane,Peters,unknown@example.com,Unknown,+213000000000
u75,Daniel,Miller,gilberttroy@example.com,Male,+213000000000
u76,Carlos,Gonzalez,maryhumphrey@example.net,Male,+213000000000
u77,Jeffrey,Martinez,abigail15@example.net,Other,+213000000000
u78,Michael,Rodriguez,unknown@example.com,None,+213000000000
u79,Robert,Perez,williemyers@example.net,Unknown,+213000000000
u80,Nicholas,Smith,unknown@example.com,Male,+213000000000
u81,Kayla,Berry,boydandrea@example.com,Unknown,+213000000000
u82,Kristi,Ramsey,suzannefrench@example.net,Unknown,+213000000000
u83,Tonya,Estes,patrick76@example.com,Male,+213000000000
u84,Laura,Boyd,hudsonjoseph@example.com,None,+213000000000
u85,Lisa,Steele,xavierrubio@example.org,123,+213000000000
u86,Steve,Harrison,katherinepalmer@example.net,None,+213000000000
u87,Aaron,Hernandez,bryanhuff@example.org,None,+213000000000
u88,Nancy,Johnson,jimmy51@example.net,Other,+213000000000
u89,Patricia,Jones,mortonamber@example.net,123,+213000000000
u90,Joseph,Unknown,jessecannon@example.com,Unknown,+213000000000
u91,Lisa,Velazquez,uharper@example.net,Male,+213000000000
u92,Edward,Reid,frogers@example.com,Female,+213000000000
u93,Sonya,Delgado,david74@example.net,None,+213000000000
u94,Unknown,Wood,bzimmerman@example.org,123,+213000000000
u95,Kristen,Gross,zstephens@example.org,Other,+213000000000
u96,Brenda,Crawford,brian61@example.net,Unknown,+213000000000
u97,Brandon,Landry,carrillokaren@example.net,None,+213000000000
u98,Evan,Norton,michaelhines@example.net,123,+213000000000
u99,Faith,Reed,andradeerin@example.org,Other,+213000000000
u100,Martha,Lester,paulaperez@example.com,123,+213000000000
u101,Joseph,Richardson,rachelbenson@example.net,Other,+213000000000
u102,Douglas,Church,jennifer57@example.net,Unknown,+213000000000
u103,Kyle,Unknown,hfleming@example.com,Male,+213000000000
u104,Alexa,Cooper,fhampton@example.org,Unknown,+213000000000
u105,Kim,Williams,jessica47@example.com,123,+213000000000
u106,Angela,Cooper,unknown@example.com,123,+213000000000
u107,Daniel,Murphy,blackburnemily@example.net,123,+213000000000
u108,Abigail,Nelson,christopherorozco@example.org,123,+213000000000
u109,Mark,Stevens,unknown@example.com,Male,+213000000000
u110,William,Brown,vknight@example.com,123,+213000000000
u111,Cheryl,Adams,curtismegan@example.com,Unknown,+213000000000
u112,Kyle,Leonard,noconnell@example.org,None,+213000000000
u113,Sharon,Haney,unknown@example.com,123,+213000000000
u114,Jack,Davis,brianna53@example.net,123,+213000000000
u115,Cynthia,Clay,danieljordan@example.net,Unknown,+213000000000
u116,Yvonne,Rice,wilcoxelizabeth@example.net,None,+213000000000
u117,William,Collins,david42@example.org,Female,+213000000000
u118,Robert,Smith,unknown@example.com,123,+213000000000
u119,Lauren,Lindsey,garciajustin@example.com,123,+213000000000
u120,Ashley,Holland,tammy84@example.net,Unknown,+213000000000
u121,Glenda,Patterson,katherine26@example.net,Unknown,+213000000000
u122,Diana,Harris,matthew52@example.org,123,+213000000000
u123,Thomas,Johnson,unknown@example.com,Male,+213000000000
u124,Corey,Taylor,aharris@example.org,Female,+213000000000
u125,Marcus,White,ulopez@example.org,Other,+213000000000
u126,Robert,Unknown,unknown@example.com,Other,+213000000000
u127,Laurie,Fletcher,mollystevens@example.net,Other,+213000000000
u128,Unknown,Moon,ylucas@example.com,Other,+213000000000
u129,Omar,Stephenson,robert33@example.net,Male,+213000000000
u130,Patrick,Lopez,gpowers@example.net,None,+213000000000
u131,Brian,Shaw,qgray@example.com,Male,+213000000000
u132,David,Mack,kingsamantha@example.net,Unknown,+213000000000
u133,Caroline,Davis,lunabrett@example.com,None,+213000000000
u134,Jennifer,Martinez,sabrina76@example.org,None,+213000000000
u135,Emily,Allen,jennifer09@example.org,Other,+213000000000
u136,Christopher,Brown,wilsontaylor@example.net,Other,+213000000000
u137,Veronica,Klein,victoriahall@example.net,Other,+213000000000
u138,Alejandro,Ward,idowns@example.org,None,+213000000000
u139,Rodney,Thompson,bentleyvalerie@example.net,Male,+213000000000
u140,Ryan,Smith,johnsondiana@example.net,123,+213000000000
u141,Lisa,Crosby,pinedabrian@example.org,Female,+213000000000
u142,Keith,Smith,jeffrey10@example.org,Other,+213000000000
u143,James,Pitts,terri91@example.org,Male,+213000000000
u144,Brittany,Smith,ryan51@example.org,123,+213000000000
u145,Melanie,Miller,deborah60@example.org,Other,+213000000000
u146,Michele,Thornton,frykimberly@example.net,123,+213000000000
u147,Michael,Clarke,frank78@example.org,123,+213000000000
u148,Curtis,Unknown,unknown@example.com,123,+213000000000
u149,Julie,Stephens,robin50@example.com,Other,+213000000000
u150,Tyler,Patrick,patelgeorge@example.org,Female,+213000000000
u151,Larry,Murphy,mendezsavannah@example.net,Male,+213000000000
u152,Tiffany,Terry,tfisher@example.net,123,+213000000000
u153,Kristy,Frost,rogersherbert@example.com,None,+213000000000
u154,Timothy,Morris,ortegadonna@example.com,123,+213000000000
u155,Jamie,Martinez,michaeltucker@example.net,123,+213000000000
u156,Joshua,Liu,kmoody@example.com,None,+213000000000
u157,Gregory,Ross,patelstephanie@example.net,Female,+213000000000
u158,Lisa,Carey,uhunter@example.com,Unknown,+213000000000
u159,Unknown,Munoz,dunlapbobby@example.net,None,+213000000000
u160,Danielle,Moore,madeline96@example.org,Female,+213000000000
u161,Amy,Jones,derek01@example.org,Male,+213000000000
u162,Stephanie,Unknown,unknown@example.com,123,+213000000000
u163,David,Howell,jmiller@example.net,None,+213000000000
u164,Daniel,Park,kimberly74@example.com,Male,+213000000000
u165,Rebecca,Woods,ameadows@example.net,Other,+213000000000
u166,Dalton,Barnes,downstammy@example.net,Female,+213000000000
u167,Rebecca,Unknown,unknown@example.com,123,+213000000000
u168,Nicole,Lopez,oyates@example.net,Unknown,+213000000000
u169,Julia,Stewart,yblack@example.com,Male,+213000000000
u170,Kenneth,Stark,hoffmankevin@example.org,Female,+213000000000
u171,Unknown,Morse,vwilliams@example.org,Female,+213000000000
u172,Tina,Fuentes,richardssteven@example.org,Other,+213000000000
u173,Patrick,Harmon,sanchezbrittany@example.net,Other,+213000000000
u174,Julie,Gutierrez,unknown@example.com,Unknown,+213000000000
u175,Brandon,Bell,stacy93@example.com,Unknown,+213000000000
u176,Christian,Martin,gutierrezashley@example.org,Female,+213000000000
u177,Jennifer,Williams,zacharymartinez@example.net,Female,+213000000000
u178,Joel,Lewis,unknown@example.com,Unknown,+213000000000
u179,David,Taylor,mark52@example.com,Other,+213000000000
u180,Pamela,Young,jimcarroll@example.net,Other,+213000000000
u181,John,Taylor,unknown@example.com,123,+213000000000
u182,Cassandra,Scott,nfrench@example.com,Female,+213000000000
u183,Sergio,Kennedy,lindseystuart@example.net,Female,+213000000000
u184,Danielle,Rivera,lisa37@example.net,None,+213000000000
u185,Timothy,White,shannonhines@example.com,Male,+213000000000
u186,Edwin,Arnold,bradleysean@example.org,Male,+213000000000
u187,Marco,Owens,zavalabilly@example.com,Unknown,+213000000000
u188,Robert,Miller,rcollins@example.com,Male,+213000000000
u189,Elizabeth,Wheeler,sharon04@example.org,Unknown,+213000000000
u190,Dennis,Gonzalez,cameronjamie@example.org,123,+213000000000
u191,Crystal,Mckee,ashleywilson@example.com,None,+213000000000
u192,Julian,Peterson,samantha08@example.net,Female,+213000000000
u193,Pamela,Hernandez,jjohnson@example.org,Male,+213000000000
u194,Kenneth,Smith,courtneymarshall@example.org,Female,+213000000000
u195,Stacy,Carrillo,amandachandler@example.net,Unknown,+213000000000
u196,Shawn,Smith,juliesilva@example.com,Unknown,+213000000000
u197,Zachary,Lamb,unknown@example.com,Male,+213000000000
u198,Lance,Santiago,sanderson@example.org,Unknown,+213000000000
u199,Anthony,Johnson,erik20@example.com,Other,+213000000000
u200,Unknown,Anthony,elizabethchen@example.com,None,+213000000000
u201,Tyler,Moore,ywilliams@example.net,None,+213000000000
u202,Unknown,Ramirez,ipittman@example.com,Other,+213000000000
u203,Ronnie,James,jamescunningham@example.net,Other,+213000000000
u204,Brandi,Thompson,erin60@example.net,Unknown,+213000000000
u205,Anthony,Robinson,unknown@example.com,Female,+213000000000
u206,Benjamin,Williams,crystalwalker@example.org,Other,+213000000000
u207,Amy,Johnson,codymurray@example.org,None,+213000000000
u208,Scott,Lee,mccarthyashley@example.net,None,+213000000000
u209,John,Thompson,unknown@example.com,Male,+213000000000
u210,Robert,Calderon,nrichardson@example.net,Unknown,+213000000000
u211,Bruce,Martinez,sullivanjenna@example.com,Other,+213000000000
u212,Denise,Kennedy,unknown@example.com,Male,+213000000000
u213,Timothy,Forbes,daybrenda@example.org,Female,+213000000000
u214,Aimee,Murphy,leekatherine@example.org,None,+213000000000
u215,Christopher,Burns,scottpittman@example.com,Male,+213000000000
u216,Unknown,Daniels,unknown@example.com,Female,+213000000000
u217,Mia,Irwin,kristinortega@example.net,None,+213000000000
u218,Wendy,Morris,anthony53@example.org,Female,+213000000000
u219,Unknown,Everett,unknown@example.com,123,+213000000000
u220,Tyler,Scott,michelle85@example.org,Male,+213000000000
u221,Donald,Unknown,brittany99@example.org,None,+213000000000
u222,Molly,Fields,jenkinssandra@example.com,Female,+213000000000
u223,Linda,Norman,erincampbell@example.com,Female,+213000000000
u224,Unknown,Sanchez,kbell@example.net,Female,+213000000000
u225,Darrell,Lindsey,hhoffman@example.com,None,+213000000000
u226,John,Huerta,sandersjacob@example.org,Other,+213000000000
u227,Amy,Mendez,anthony39@example.com,Unknown,+213000000000
u228,Gail,Rice,wilcoxnancy@example.com,Male,+213000000000
u229,Shannon,Johns,michaelsmith@example.com,Male,+213000000000
u230,Steven,Ware,rfernandez@example.com,Unknown,+213000000000
u231,Jeffrey,Miller,johngriffin@example.com,Other,+213000000000
u232,Tracy,Adams,mnavarro@example.com,None,+213000000000
u233,Tyler,Watkins,rangelthomas@example.org,Female,+213000000000
u234,William,Aguilar,unknown@example.com,123,+213000000000
u235,Anne,Parker,stephen59@example.org,Male,+213000000000
u236,Mary,Unknown,williamhull@example.net,None,+213000000000
u237,Amanda,Unknown,durhamgary@example.net,123,+213000000000
u238,Maria,Lopez,parsonsthomas@example.com,Female,+213000000000
u239,Charles,Morris,julieholt@example.com,Female,+213000000000
u240,Jeffrey,Mccarthy,kevinhiggins@example.com,None,+213000000000
u241,Lindsey,Howard,fisherlydia@example.com,Other,+213000000000
u242,Michael,Reeves,jack35@example.com,123,+213000000000
u243,Tony,Turner,alexandria20@example.net,Other,+213000000000
u244,Kathleen,Bell,beth56@example.net,Unknown,+213000000000
u245,Jason,Davis,david27@example.com,123,+213000000000
u246,Heather,Franklin,gerald36@example.org,Unknown,+213000000000
u247,Michele,Edwards,olivingston@example.com,Male,+213000000000
u248,Corey,Terry,ramirezteresa@example.org,Other,+213000000000
u249,Unknown,Garrett,unknown@example.com,123,+213000000000
u250,Susan,Dixon,elewis@example.org,Other,+213000000000
u251,Unknown,Baker,stephennelson@example.net,Female,+213000000000
u252,Tammy,Wallace,rebecca75@example.com,Unknown,+213000000000
u253,Sara,Castaneda,kingdiana@example.net,Female,+213000000000
u254,Zachary,Miller,escott@example.org,123,+213000000000
u255,Jason,Walters,courtney67@example.net,Male,+213000000000
u256,Shaun,Baker,unknown@example.com,Male,+213000000000
u257,Cory,Mckay,newtonmichael@example.org,123,+213000000000
u258,Michael,Long,robertmoore@example.net,None,+213000000000
u259,Lawrence,Allen,gsmith@example.com,123,+213000000000
u260,James,Lewis,unknown@example.com,Female,+213000000000
u261,Peter,Johnson,dmcdonald@example.com,Other,+213000000000
u262,Edward,Wilson,kimberly34@example.org,Other,+213000000000
u263,Amanda,Larson,frowe@example.org,Other,+213000000000
u264,Keith,Blankenship,joshua36@example.org,Unknown,+213000000000
u265,Penny,Unknown,xmcdonald@example.org,None,+213000000000
u266,Nicole,Griffin,rhodesjeffrey@example.com,None,+213000000000
u267,Phillip,Williams,nicholashall@example.org,Female,+213000000000
u268,Lisa,Calderon,vanessaerickson@example.org,Other,+213000000000
u269,Joseph,Doyle,unknown@example.com,Other,+213000000000
u270,Gregory,Stone,sararojas@example.net,Unknown,+213000000000
u271,Tiffany,Lopez,davidwilliamson@example.org,Unknown,+213000000000
u272,Martha,Taylor,janice06@example.com,None,+213000000000
u273,Catherine,Lutz,blanchardalan@example.com,Unknown,+213000000000
u274,Teresa,Mitchell,troy22@example.com,Male,+213000000000
u275,Morgan,Decker,mercerthomas@example.com,Male,+213000000000
u276,Pam,Adams,amy70@example.net,None,+213000000000
u277,Kevin,Durham,vincentgonzalez@example.org,Female,+213000000000
u278,Kristin,Jones,michaelsantana@example.net,Unknown,+213000000000
u279,Rhonda,Townsend,vcastro@example.org,None,+213000000000
u280,Susan,Hendrix,qdaniels@example.org,Female,+213000000000
u281,Rodney,Ruiz,haleyanderson@example.org,None,+213000000000
u282,Phyllis,Moore,joshuascott@example.net,None,+213000000000
u283,Megan,Washington,ahenry@example.com,Other,+213000000000
u284,Sarah,Clark,christynunez@example.net,Unknown,+213000000000
u285,Sarah,Williams,simsheather@example.net,Female,+213000000000
u286,Cassandra,Eaton,christopherbuchanan@example.com,Female,+213000000000
u287,Timothy,Adams,hillalexander@example.com,Male,+213000000000
u288,Joseph,Sullivan,nathanburns@example.com,Male,+213000000000
u289,Deanna,Rogers,brogers@example.org,123,+213000000000
u290,Alex,Fox,uyork@example.net,Other,+213000000000
u291,Melissa,Peterson,garciarichard@example.net,Other,+213000000000
u292,Steven,Jones,daveguzman@example.com,Other,+213000000000
u293,Alyssa,Hill,trevinodenise@example.org,None,+213000000000
u294,Cynthia,Davis,jason70@example.net,None,+213000000000
u295,Steven,Mendoza,jacksonrobert@example.com,Unknown,+213000000000
u296,Unknown,Sutton,michelle10@example.com,Male,+213000000000
u297,Leonard,Campbell,bdavis@example.net,None,+213000000000
u298,Mariah,Roman,samanthanelson@example.net,Female,+213000000000
u299,Tricia,Anderson,sarahchapman@example.net,Female,+213000000000
u300,William,Wong,unknown@example.com,None,+213000000000
u301,Benjamin,Eaton,odominguez@example.net,123,+213000000000
u302,Jennifer,Smith,rodriguezalison@example.com,None,+213000000000
u303,Frank,Roman,unknown@example.com,123,+213000000000
u304,Maria,Huang,unknown@example.com,Male,+213000000000
u305,Anthony,Kent,gloverdaniel@example.net,None,+213000000000
u306,Robert,Morales,reneesmith@example.org,Unknown,+213000000000
u307,Kristin,Brown,edwardmorris@example.com,Male,+213000000000
u308,Michelle,Fleming,tinadelgado@example.org,123,+213000000000
u309,Unknown,Weaver,brad68@example.org,Male,+213000000000
u310,Michael,Morrison,mstokes@example.org,Female,+213000000000
u311,Jordan,Owens,dianaterry@example.com,Other,+213000000000
u312,Daniel,Reeves,daniel47@example.org,Male,+213000000000
u313,Michael,Brooks,jacksonpatrick@example.net,Female,+213000000000
u314,Paul,Clark,keith66@example.net,Other,+213000000000
u315,Kenneth,Richards,burgesstammy@example.org,Other,+213000000000
u316,Wendy,Morgan,davidvaughn@example.com,None,+213000000000
u317,Micheal,Nicholson,hinesashley@example.org,None,+213000000000
u318,Melissa,Mayo,ehernandez@example.net,Other,+213000000000
u319,April,Davis,turnerrandy@example.org,Male,+213000000000
u320,Daniel,Archer,unknown@example.com,Other,+213000000000
u321,Jennifer,Jenkins,dwalker@example.com,None,+213000000000
u322,Ronald,Rivera,ltaylor@example.org,Unknown,+213000000000
u323,Michael,Robinson,carolyn82@example.org,Female,+213000000000
u324,Emily,Allen,rubenmartinez@example.net,Other,+213000000000
u325,Unknown,Shelton,traceymoore@example.org,None,+213000000000
u326,Allison,Miller,unknown@example.com,Other,+213000000000
u327,Tony,Baxter,thompsonjamie@example.org,Other,+213000000000
u328,William,Harris,cherylhampton@example.org,Female,+213000000000
u329,Paul,Olson,unknown@example.com,Male,+213000000000
u330,Paula,Wong,smithkimberly@example.org,Other,+213000000000
u331,Peter,Thompson,nwilliams@example.net,Female,+213000000000
u332,George,Christensen,albertmcknight@example.com,Other,+213000000000
u333,Felicia,Becker,kristina31@example.com,None,+213000000000
u334,Cassandra,Vega,scottcharles@example.net,None,+213000000000
u335,Jeremy,Kelley,unknown@example.com,Unknown,+213000000000
u336,Joseph,Green,beth72@example.net,None,+213000000000
u337,Unknown,Salinas,smallphillip@example.net,Unknown,+213000000000
u338,Marc,Dunn,odavies@example.com,Other,+213000000000
u339,Unknown,Wilson,gallegosandrew@example.net,Male,+213000000000
u340,Mark,Vaughan,mitchellhaley@example.org,Female,+213000000000
u341,Rachel,Mack,nicole32@example.org,Unknown,+213000000000
u342,Madison,Howell,david81@example.net,123,+213000000000
u343,Justin,Higgins,baileyalyssa@example.net,Male,+213000000000
u344,Colleen,Patterson,swells@example.com,None,+213000000000
u345,Destiny,Brown,phernandez@example.net,Male,+213000000000
u346,Lisa,Morris,torresmisty@example.net,Female,+213000000000
u347,Shannon,Chan,robert33@example.net,123,+213000000000
u348,Theresa,Robinson,hskinner@example.com,123,+213000000000
u349,Jerome,Scott,stephaniedillon@example.org,Other,+213000000000
u350,Christina,Pittman,jon62@example.net,Unknown,+213000000000
u351,Kevin,Elliott,youngchelsea@example.com,Female,+213000000000
u352,Wendy,Nelson,jessica87@example.org,Unknown,+213000000000
u353,Douglas,Vazquez,carrielopez@example.com,Other,+213000000000
u354,Steven,Graham,unknown@example.com,Unknown,+213000000000
u355,Unknown,Ramirez,fullerjoshua@example.com,Unknown,+213000000000
u356,Sophia,Wilson,nathanwilliams@example.com,Female,+213000000000
u357,Timothy,Porter,udunn@example.com,Unknown,+213000000000
u358,Rodney,Mcpherson,crodriguez@example.org,123,+213000000000
u359,Unknown,Unknown,sherri58@example.org,Male,+213000000000
u360,Charles,Williams,aaustin@example.org,Male,+213000000000
u361,Kelly,Cruz,unknown@example.com,None,+213000000000
u362,Daniel,Johnson,aaron31@example.com,None,+213000000000
u363,Allen,Frederick,brownjeffrey@example.net,Female,+213000000000
u364,Sara,Mullins,annabridges@example.org,Other,+213000000000
u365,Samuel,Duarte,natalie95@example.org,Unknown,+213000000000
u366,Joshua,Heath,taylorcarol@example.net,Other,+213000000000
u367,Richard,Bailey,brownmaria@example.org,None,+213000000000
u368,Arthur,Scott,gonzalessteve@example.org,None,+213000000000
u369,Roger,Marshall,bryandunn@example.net,Other,+213000000000
u370,Jasmine,Carroll,rachelhoward@example.com,None,+213000000000
u371,Gary,Lewis,guzmanmichael@example.net,Other,+213000000000
u372,Jason,Fischer,nancy83@example.org,None,+213000000000
u373,Anne,Martin,pamela32@example.com,123,+213000000000
u374,Margaret,Nguyen,bridget01@example.com,Female,+213000000000
u375,Denise,Cruz,alanbuchanan@example.com,Female,+213000000000
u376,Hannah,Chaney,charlesbennett@example.com,Female,+213000000000
u377,Rhonda,Robertson,amanda09@example.com,123,+213000000000
u378,Steven,Lopez,anne46@example.com,None,+213000000000
u379,Unknown,Hunt,fowens@example.com,None,+213000000000
u380,Manuel,Smith,kochsteven@example.org,Unknown,+213000000000
u381,Janice,Williams,judith10@example.net,None,+213000000000
u382,Adriana,Walker,jessicagreen@example.net,Female,+213000000000
u383,Scott,Middleton,unknown@example.com,123,+213000000000
u384,Hayley,Hamilton,gary70@example.org,Unknown,+213000000000
u385,Teresa,Joyce,stevenpage@example.net,Other,+213000000000
u386,Patricia,Charles,jfisher@example.com,123,+213000000000
u387,Alexis,Graves,devin37@example.com,Unknown,+213000000000
u388,Sarah,Wilson,underwoodsamantha@example.net,123,+213000000000
u389,Randy,Unknown,unknown@example.com,123,+213000000000
u390,Thomas,Smith,vbrown@example.org,Male,+213000000000
u391,Unknown,Long,erika26@example.net,123,+213000000000
u392,Jerome,Blackburn,colliersamantha@example.com,Other,+213000000000
u393,Thomas,Bauer,curtiscatherine@example.org,Male,+213000000000
u394,Raymond,Stout,hamiltonerik@example.com,Other,+213000000000
u395,David,Chambers,unknown@example.com,123,+213000000000
u396,Frank,Johnson,gryan@example.net,Other,+213000000000
u397,Monica,Mccoy,jasonvillanueva@example.net,Female,+213000000000
u398,James,Mills,johnanderson@example.net,None,+213000000000
u399,James,Holland,jason52@example.net,Female,+213000000000
u400,Joseph,Fuller,greenchloe@example.net,Other,+213000000000
u401,Unknown,Coleman,rgonzalez@example.net,Unknown,+213000000000
u402,Timothy,Taylor,wgutierrez@example.net,Male,+213000000000
u403,Mackenzie,Richards,lijonathan@example.org,123,+213000000000
u404,Carly,Johnson,lauren57@example.org,Female,+213000000000
u405,Susan,Wilson,unknown@example.com,Unknown,+213000000000
u406,James,Meyers,leahedwards@example.net,Male,+213000000000
u407,Nathan,Roberts,lisataylor@example.com,Unknown,+213000000000
u408,Kelsey,Willis,kara48@example.net,Other,+213000000000
u409,Ruth,Lewis,omarshall@example.net,None,+213000000000
u410,Linda,Unknown,vbender@example.com,123,+213000000000
u411,Allison,Anderson,martinbeth@example.com,Unknown,+213000000000
u412,Scott,Smith,fclark@example.org,Unknown,+213000000000
u413,Isaiah,Bass,gmorris@example.com,123,+213000000000
u414,Michael,Herring,danielmontgomery@example.org,None,+213000000000
u415,Diane,Moore,unknown@example.com,Unknown,+213000000000
u416,Danielle,Brown,robertjordan@example.org,None,+213000000000
u417,Jessica,Montgomery,timothy33@example.org,Other,+213000000000
u418,Linda,Chavez,williamweber@example.org,None,+213000000000
u419,Michael,Brown,martinezmitchell@example.org,Female,+213000000000
u420,Pamela,Leach,sheilabrown@example.net,None,+213000000000
u421,Kevin,Davis,wroy@example.org,Other,+213000000000
u422,Evan,Winters,vtorres@example.net,Male,+213000000000
u423,Dustin,Unknown,todd92@example.org,None,+213000000000
u424,Robert,Harris,krystalcarr@example.org,None,+213000000000
u425,Stephen,Hernandez,hgray@example.net,None,+213000000000
u426,Valerie,Smith,pmoore@example.net,Other,+213000000000
u427,Ashley,Pearson,yhiggins@example.org,123,+213000000000
u428,Anthony,Mason,emartinez@example.net,Other,+213000000000
u429,Wayne,Morgan,stephanieconner@example.net,123,+213000000000
u430,Bridget,Love,stevenmcclure@example.com,Other,+213000000000
u431,Michael,Pham,ephillips@example.com,Other,+213000000000
u432,Tanya,Blankenship,frazierthomas@example.net,Female,+213000000000
u433,Reginald,Bailey,kwilliamson@example.net,Male,+213000000000
u434,Shawn,King,susan45@example.com,Other,+213000000000
u435,Jocelyn,Smith,castillonatalie@example.net,None,+213000000000
u436,Edward,Stephens,travislara@example.com,Unknown,+213000000000
u437,Unknown,Garner,morrisonmeghan@example.net,Male,+213000000000
u438,Brittany,Nelson,powelljennifer@example.org,Female,+213000000000
u439,Kevin,Cowan,michaeljones@example.net,Other,+213000000000
u440,Christopher,Wright,davidjohnson@example.org,None,+213000000000
u441,Mary,Schneider,rcamacho@example.com,None,+213000000000
u442,Stephanie,Russell,jessejuarez@example.net,123,+213000000000
u443,Molly,Gonzalez,unknown@example.com,Unknown,+213000000000
u444,Unknown,Sosa,john18@example.org,Male,+213000000000
u445,Tara,Unknown,angelanderson@example.org,Male,+213000000000
u446,Sandra,Collins,okhan@example.com,123,+213000000000
u447,Jonathan,Mccormick,philipdavis@example.net,Male,+213000000000
u448,Dorothy,Johnston,william88@example.com,Unknown,+213000000000
u449,Unknown,Hale,camposjoshua@example.com,Other,+213000000000
u450,Kimberly,Smith,lowematthew@example.org,None,+213000000000
u451,Sonya,Sims,alexandra71@example.net,123,+213000000000
u452,Devon,King,romerojulie@example.com,Male,+213000000000
u453,Brian,Wagner,denisegamble@example.org,Other,+213000000000
u454,Donna,Williams,unknown@example.com,Female,+213000000000
u455,Samantha,Lee,tommccormick@example.com,Unknown,+213000000000
u456,Carl,Baker,kayla02@example.org,123,+213000000000
u457,Ashley,Brock,emilysloan@example.org,Unknown,+213000000000
u458,Nathan,Moreno,ashleypugh@example.net,123,+213000000000
u459,Angela,Williams,ann00@example.org,123,+213000000000
u460,Brandon,Ortiz,karenwagner@example.net,Female,+213000000000
u461,Sean,Clayton,holtbrandon@example.net,123,+213000000000
u462,Thomas,Richards,barrygraham@example.com,Female,+213000000000
u463,Hannah,Hall,danielsallison@example.net,None,+213000000000
u464,Bailey,Wright,akelly@example.org,None,+213000000000
u465,Donald,Moore,thomas01@example.com,Male,+213000000000
u466,Sydney,Palmer,keithjacobs@example.org,None,+213000000000
u467,Kelsey,Walker,strujillo@example.com,Male,+213000000000
u468,Kayla,Steele,christophercarpenter@example.com,Unknown,+213000000000
u469,Sarah,Flynn,mcgeenicole@example.org,Unknown,+213000000000
u470,Curtis,Rush,reedbarbara@example.net,Other,+213000000000
u471,Sarah,White,kristina61@example.com,Other,+213000000000
u472,David,Warren,meyerluis@example.org,123,+213000000000
u473,Kristy,Reynolds,ericspencer@example.com,123,+213000000000
u474,Rachel,Hebert,aaron99@example.org,Other,+213000000000
u475,Sara,Garza,sethmartinez@example.net,Unknown,+213000000000
u476,Paul,Hill,francescox@example.org,Female,+213000000000
u477,Stephanie,Sanders,cgreen@example.net,Male,+213000000000
u478,Anthony,Moreno,williamsmelissa@example.org,Male,+213000000000
u479,Sydney,Snow,pmercer@example.net,None,+213000000000
u480,Michael,Rivera,goodwinmichelle@example.org,Female,+213000000000
u481,Andrew,Rodriguez,emilyreed@example.com,Other,+213000000000
u482,Unknown,White,matthewdiaz@example.org,Other,+213000000000
u483,Donna,Ellis,rhondaolson@example.org,Male,+213000000000
u484,Amanda,Andrews,markssuzanne@example.org,Female,+213000000000
u485,Carrie,Carter,sarah64@example.net,Male,+213000000000
u486,Dennis,Lucas,ngonzales@example.com,None,+213000000000
u487,William,Acosta,jermaineweaver@example.net,Female,+213000000000
u488,Edward,Wilcox,gutierrezjason@example.net,None,+213000000000
u489,Samantha,Kelly,oconnorrobert@example.org,123,+213000000000
u490,Teresa,Edwards,tiffanybuck@example.net,Other,+213000000000
u491,Julia,Riley,churchnicholas@example.net,Male,+213000000000
u492,John,Lee,kevin59@example.org,Unknown,+213000000000
u493,Diane,Chandler,zgomez@example.com,Unknown,+213000000000
u494,Derek,Unknown,duncanshannon@example.org,Female,+213000000000
u495,Stacey,Crawford,morganford@example.com,Other,+213000000000
u496,Paul,Lee,jake46@example.com,Other,+213000000000
u497,Gregory,Thornton,nmorrow@example.net,Male,+213000000000
u498,Henry,Unknown,kevin06@example.net,Unknown,+213000000000
u499,Charles,Schaefer,fgregory@example.org,Female,+213000000000
u500,Elizabeth,Unknown,pyoung@example.org,Female,+213000000000
u501,Christina,Diaz,hurleymary@example.net,None,+213000000000
u502,Joshua,Collins,debbiebradford@example.org,Female,+213000000000
u503,David,Martinez,jclark@example.net,None,+213000000000
u504,Jackie,Juarez,dianemiller@example.com,Male,+213000000000
u505,Unknown,Stein,unknown@example.com,Other,+213000000000
u506,Andrew,Harvey,jose63@example.net,Other,+213000000000
u507,Unknown,Reyes,ritamyers@example.org,None,+213000000000
u508,Michael,Bradley,unknown@example.com,Female,+213000000000
u509,Carla,Peterson,pstokes@example.org,123,+213000000000
u510,Stephen,Stone,jenniferpark@example.com,None,+213000000000
u511,Tammy,Davis,barbara59@example.com,Female,+213000000000
u512,Derrick,Howard,alyssajohnson@example.org,Male,+213000000000
u513,Derek,Glover,crodriguez@example.com,Other,+213000000000
u514,Jillian,Harris,sarah07@example.com,Other,+213000000000
u515,Kayla,Weiss,smithmark@example.net,Male,+213000000000
u516,Unknown,Fuller,samuel12@example.org,Unknown,+213000000000
u517,Unknown,Hughes,donald94@example.org,Unknown,+213000000000
u518,Cynthia,Richardson,unknown@example.com,Other,+213000000000
u519,Bradley,Freeman,kathryn49@example.net,Female,+213000000000
u520,Debra,Smith,qtanner@example.org,Other,+213000000000
u521,Unknown,Graham,orodgers@example.net,Female,+213000000000
u522,Michael,Perez,brownerik@example.com,123,+213000000000
u523,Nancy,Campbell,unknown@example.com,123,+213000000000
u524,Ashley,Fisher,kathyramirez@example.org,Unknown,+213000000000
u525,Joshua,George,jack18@example.net,Male,+213000000000
u526,Maria,White,vhowe@example.com,Other,+213000000000
u527,Melissa,Jones,jeremy29@example.net,None,+213000000000
u528,Sara,Merritt,cthomas@example.net,Female,+213000000000
u529,Karen,Porter,ashley47@example.com,None,+213000000000
u530,Jared,Thomas,stewartjames@example.com,Male,+213000000000
u531,Tanya,Nelson,kevinlittle@example.org,Female,+213000000000
u532,Michael,Martin,sandra97@example.org,Other,+213000000000
u533,Amy,Sanchez,andersonrhonda@example.net,None,+213000000000
u534,Nicholas,Lynn,jamesgutierrez@example.com,None,+213000000000
u535,Keith,Davis,frank01@example.net,123,+213000000000
u536,Unknown,Palmer,fryan@example.com,None,+213000000000
u537,Melissa,Nelson,mary19@example.net,Female,+213000000000
u538,Caleb,Vazquez,shawn49@example.org,Male,+213000000000
u539,Adam,Bowman,christopherjohnson@example.org,Female,+213000000000
u540,Brian,Berry,nmendez@example.net,None,+213000000000
u541,Unknown,Patterson,lindalewis@example.org,None,+213000000000
u542,Lindsey,Zhang,unknown@example.com,Female,+213000000000
u543,Tanya,Ortega,stevenwilliams@example.com,None,+213000000000
u544,Hannah,Lang,lammark@example.com,Other,+213000000000
u545,Karl,Wilson,uparrish@example.org,Unknown,+213000000000
u546,Raymond,Harris,robinarmstrong@example.com,None,+213000000000
u547,Claudia,Harding,patricia30@example.net,Female,+213000000000
u548,Paige,Parker,robertwilson@example.com,Male,+213000000000
u549,Sandra,Cardenas,michelearnold@example.org,123,+213000000000
u550,Matthew,Jennings,tinafields@example.org,Female,+213000000000
u551,Vickie,Potter,woodsdylan@example.com,123,+213000000000
u552,Charles,Wolf,unknown@example.com,Other,+213000000000
u553,Travis,Anderson,qhunter@example.org,123,+213000000000
u554,Eric,Unknown,nodonnell@example.org,Other,+213000000000
u555,Wanda,Larsen,johnrobinson@example.org,123,+213000000000
u556,Joseph,Lin,twise@example.com,Male,+213000000000
u557,Unknown,Rodriguez,johncarpenter@example.org,Unknown,+213000000000
u558,Taylor,Rice,john34@example.com,Unknown,+213000000000
u559,Jennifer,Unknown,tmcknight@example.net,Female,+213000000000
u560,Lori,Tate,orrjose@example.org,Other,+213000000000
u561,Catherine,Hammond,brandoncook@example.com,Male,+213000000000
u562,Veronica,Solis,thomas48@example.net,Other,+213000000000
u563,Brooke,Scott,zachary87@example.net,Unknown,+213000000000
u564,Donna,Smith,unknown@example.com,Male,+213000000000
u565,Brian,Bennett,lrivera@example.com,Male,+213000000000
u566,Kimberly,Unknown,xhill@example.com,123,+213000000000
u567,Sara,Owens,ufuentes@example.org,Other,+213000000000
u568,Rachel,Robinson,pball@example.org,Female,+213000000000
u569,Rebecca,Sims,rcarpenter@example.net,Female,+213000000000
u570,Sarah,Phillips,sbarnes@example.com,Female,+213000000000
u571,Scott,Cooley,ballcarrie@example.com,Other,+213000000000
u572,Eric,Larsen,hardingmary@example.net,Male,+213000000000
u573,Sarah,Schneider,derrickgraham@example.com,Other,+213000000000
u574,Michael,Butler,fisherkimberly@example.org,Male,+213000000000
u575,Ronald,Torres,christopher60@example.com,123,+213000000000
u576,Ashley,Aguilar,erikadiaz@example.com,Male,+213000000000
u577,Daniel,Wolfe,preyes@example.org,None,+213000000000
u578,Julia,Lee,elizabeth96@example.org,None,+213000000000
u579,Unknown,Fitzgerald,vcampbell@example.net,123,+213000000000
u580,Jared,Wong,carol31@example.org,Female,+213000000000
u581,Shane,Greene,john96@example.com,Other,+213000000000
u582,Michelle,Norris,kellythompson@example.org,None,+213000000000
u583,Kara,Clark,xthompson@example.com,Male,+213000000000
u584,Ashley,Kramer,michele83@example.net,Unknown,+213000000000
u585,Jesse,Brady,melissa95@example.org,Other,+213000000000
u586,Ryan,Barnes,welchmichelle@example.net,None,+213000000000
u587,Penny,Fernandez,bnorris@example.com,None,+213000000000
u588,Kyle,Collins,ptran@example.net,Male,+213000000000
u589,Christine,Wright,richmondbob@example.net,Male,+213000000000
u590,Arthur,Stewart,rosalespaul@example.com,Female,+213000000000
u591,Melanie,Silva,wdunn@example.net,123,+213000000000
u592,David,Reese,christopherpowers@example.net,Male,+213000000000
u593,Amanda,Wilson,pjames@example.com,123,+213000000000
u594,David,Henry,emily38@example.net,None,+213000000000
u595,Jessica,Pennington,cabrerascott@example.org,Male,+213000000000
u596,Charles,Jones,richardfuller@example.com,None,+213000000000
u597,Marcus,Wilkins,frankcarroll@example.net,123,+213000000000
u598,Christine,Burke,denise84@example.net,Other,+213000000000
u599,Charles,Day,unknown@example.com,None,+213000000000
u600,David,Kelly,unknown@example.com,123,+213000000000
u601,Jessica,Wright,jsanchez@example.net,123,+213000000000
u602,Danielle,Wood,benjaminvaldez@example.com,Unknown,+213000000000
u603,Anna,Romero,robertsnyder@example.net,Unknown,+213000000000
u604,Samantha,Ballard,rphillips@example.com,Other,+213000000000
u605,Michelle,Reyes,jgreen@example.net,123,+213000000000
u606,Stacey,Richards,dustin88@example.net,Male,+213000000000
u607,Todd,Brown,victoriawilliams@example.com,Unknown,+213000000000
u608,Colleen,Erickson,unknown@example.com,None,+213000000000
u609,Erin,Howard,antoniothomas@example.com,None,+213000000000
u610,Robert,Mueller,hmooney@example.org,Female,+213000000000
u611,Samantha,Tran,makaylasullivan@example.com,None,+213000000000
u612,Ashley,Norton,thomasmyers@example.net,123,+213000000000
u613,Donald,Murphy,unknown@example.com,Female,+213000000000
u614,David,Oconnor,unknown@example.com,Other,+213000000000
u615,Thomas,Everett,billymorrison@example.com,Unknown,+213000000000
u616,Sara,Kelly,rrodriguez@example.org,Male,+213000000000
u617,Anthony,Duncan,clintonrhodes@example.net,Other,+213000000000
u618,Mary,Edwards,zmarsh@example.net,None,+213000000000
u619,Patrick,Strong,garnerbrittany@example.net,Female,+213000000000
u620,Samantha,Unknown,ioneal@example.net,123,+213000000000
u621,Henry,Harrell,pgray@example.org,123,+213000000000
u622,Ariana,Jefferson,hunterjason@example.org,Unknown,+213000000000
u623,James,Mcintyre,ashley45@example.org,Other,+213000000000
u624,Amanda,Martinez,perezdavid@example.com,123,+213000000000
u625,Angelica,Murphy,robinsondylan@example.org,123,+213000000000
u626,Carla,Unknown,nreynolds@example.org,Female,+213000000000
u627,Sean,Payne,kingrhonda@example.org,Other,+213000000000
u628,Jamie,Smith,zcook@example.net,Other,+213000000000
u629,Christina,Silva,eescobar@example.com,Other,+213000000000
u630,April,Unknown,browngordon@example.org,Male,+213000000000
u631,Matthew,Marks,jenniferwalker@example.org,Other,+213000000000
u632,Dustin,Daniels,eblair@example.net,Other,+213000000000
u633,Unknown,Shields,georgehoward@example.com,None,+213000000000
u634,Katie,Summers,kimberlyharris@example.org,Other,+213000000000
u635,Samantha,Leonard,vyoung@example.com,None,+213000000000
u636,Patricia,Hart,alicesmith@example.org,123,+213000000000
u637,Dylan,Sexton,christine01@example.com,Male,+213000000000
u638,Eric,Marshall,kennedyrobert@example.com,Unknown,+213000000000
u639,Julie,Ruiz,fbarr@example.org,123,+213000000000
u640,Ethan,Barrett,michaelhartman@example.org,123,+213000000000
u641,Matthew,Preston,chendricks@example.org,123,+213000000000
u642,Anthony,Barnett,kzimmerman@example.net,Male,+213000000000
u643,Morgan,Rodriguez,chrisburnett@example.net,Other,+213000000000
u644,Renee,French,brownrose@example.com,Unknown,+213000000000
u645,Jamie,Guzman,ashleysmith@example.com,Male,+213000000000
u646,Anthony,Davis,jmoore@example.org,Other,+213000000000
u647,Richard,Unknown,walkerterri@example.com,Male,+213000000000
u648,Pamela,Unknown,ccolon@example.com,Male,+213000000000
u649,Cassie,Bryant,xstrong@example.com,Female,+213000000000
u650,Isaac,Schmidt,bwilliams@example.org,Unknown,+213000000000
u651,Julia,Hill,adkinsedwin@example.org,Male,+213000000000
u652,Sandra,Morales,chughes@example.org,None,+213000000000
u653,Jordan,Hall,tstevens@example.com,Female,+213000000000
u654,Lisa,Atkinson,marymorrow@example.org,None,+213000000000
u655,Unknown,Bass,johnsonchristopher@example.org,Female,+213000000000
u656,Ryan,Richardson,gphelps@example.com,Male,+213000000000
u657,Stacy,Dunn,taylordaniel@example.org,Male,+213000000000
u658,Bradley,Beasley,fwalker@example.net,Unknown,+213000000000
u659,Tommy,Ramirez,brentmurray@example.com,Unknown,+213000000000
u660,Jack,Unknown,david93@example.com,Unknown,+213000000000
u661,Gregory,Dixon,laura90@example.com,Male,+213000000000
u662,Kevin,Smith,taylorcarla@example.org,Unknown,+213000000000
u663,Melissa,Lopez,smithsara@example.net,Other,+213000000000
u664,Jennifer,Gibbs,amber66@example.org,Unknown,+213000000000
u665,Debra,Lee,pamela69@example.org,None,+213000000000
u666,Ashley,Santiago,schultzsamantha@example.net,123,+213000000000
u667,Jonathan,Hughes,joneskayla@example.org,Male,+213000000000
u668,Ashley,Miller,unknown@example.com,Male,+213000000000
u669,Robert,Cisneros,carolyn67@example.com,Male,+213000000000
u670,Vincent,Murphy,unknown@example.com,Other,+213000000000
u671,Taylor,Morris,meghan94@example.com,None,+213000000000
u672,Denise,Rose,fisherstacy@example.net,None,+213000000000
u673,Justin,Anderson,rfriedman@example.net,Unknown,+213000000000
u674,Stephen,Williams,mirandamichelle@example.net,Male,+213000000000
u675,Jeffrey,Carter,veronicagomez@example.com,None,+213000000000
u676,Krista,Whitaker,tranbradley@example.net,Unknown,+213000000000
u677,Tracy,Lewis,raven52@example.org,Male,+213000000000
u678,Kimberly,Barnes,charles35@example.org,Unknown,+213000000000
u679,Chase,Castillo,znelson@example.net,Female,+213000000000
u680,Mark,Sullivan,kcohen@example.org,Other,+213000000000
u681,Anna,Porter,rtate@example.org,Other,+213000000000
u682,Kevin,Boyd,laurenwilson@example.com,Male,+213000000000
u683,Angie,Christian,wramirez@example.com,Female,+213000000000
u684,Lisa,James,jenniferochoa@example.org,Male,+213000000000
u685,Kristen,Ellis,laurenwilliams@example.net,Unknown,+213000000000
u686,Brittany,Kim,david66@example.org,123,+213000000000
u687,Lori,Lloyd,henry64@example.net,None,+213000000000
u688,Christopher,Maldonado,thompsonnatasha@example.net,123,+213000000000
u689,Michelle,Miller,gonzalespaul@example.net,123,+213000000000
u690,Tammy,Sexton,akennedy@example.com,123,+213000000000
u691,Walter,Marshall,stevennelson@example.com,None,+213000000000
u692,Lonnie,Adkins,inguyen@example.com,Male,+213000000000
u693,Theresa,Jackson,dramirez@example.com,123,+213000000000
u694,Laura,Hanson,matthew95@example.org,Unknown,+213000000000
u695,Nicole,Graham,kaylamartin@example.com,Other,+213000000000
u696,Christopher,Burns,kellerandrew@example.net,Female,+213000000000
u697,Brenda,Thornton,abranch@example.org,Male,+213000000000
u698,Unknown,Mason,vosborne@example.com,Male,+213000000000
u699,Antonio,Johnston,whowell@example.org,Unknown,+213000000000
u700,Pamela,Hale,pereztanya@example.com,Male,+213000000000
u701,Corey,Dominguez,david66@example.org,None,+213000000000
u702,Francisco,Parker,msmith@example.net,Female,+213000000000
u703,Matthew,Howard,hallallison@example.com,Other,+213000000000
u704,Matthew,Berry,daltonkathleen@example.org,123,+213000000000
u705,William,Wilson,samuelgill@example.net,Female,+213000000000
u706,Unknown,Vasquez,cantrelltaylor@example.com,123,+213000000000
u707,Tiffany,Kelly,brian31@example.net,None,+213000000000
u708,Joseph,Unknown,nancy07@example.net,Unknown,+213000000000
u709,Jason,Singh,unknown@example.com,Other,+213000000000
u710,Eric,Wilson,twalter@example.org,Male,+213000000000
u711,James,Kaufman,unknown@example.com,Male,+213000000000
u712,Ryan,Edwards,sandersmeagan@example.org,None,+213000000000
u713,Richard,Unknown,unknown@example.com,Female,+213000000000
u714,Kimberly,Barker,melissawolf@example.net,None,+213000000000
u715,Joseph,Unknown,hjohnston@example.net,Unknown,+213000000000
u716,Lucas,Davis,umitchell@example.org,123,+213000000000
u717,Unknown,Rivera,vasquezmichael@example.org,Female,+213000000000
u718,Jessica,Unknown,jackdalton@example.org,Female,+213000000000
u719,Pamela,Chen,katelynguerrero@example.com,Unknown,+213000000000
u720,Gregory,Carroll,rachelmoreno@example.org,Unknown,+213000000000
u721,Rebecca,Horton,unknown@example.com,Female,+213000000000
u722,Rachel,Vargas,unknown@example.com,Male,+213000000000
u723,Megan,Peterson,stevenwalker@example.org,Other,+213000000000
u724,Beth,Collins,webbjorge@example.com,123,+213000000000
u725,Aaron,Rice,austinchris@example.net,123,+213000000000
u726,Dawn,Luna,unknown@example.com,Other,+213000000000
u727,Debra,Santos,kevinwallace@example.net,123,+213000000000
u728,Christine,Gilbert,nphillips@example.com,Female,+213000000000
u729,William,Carroll,ihood@example.net,None,+213000000000
u730,Tammy,Irwin,rrodriguez@example.com,Unknown,+213000000000
u731,Kevin,Moore,jorge16@example.org,Unknown,+213000000000
u732,Joshua,Carter,uwilliamson@example.org,123,+213000000000
u733,Yvonne,Chang,amysanchez@example.net,Male,+213000000000
u734,Alexander,Nash,alexander34@example.com,123,+213000000000
u735,Kenneth,Leonard,unknown@example.com,Male,+213000000000
u736,Adam,Young,jessica38@example.net,Male,+213000000000
u737,Whitney,Johnson,staceyrios@example.net,123,+213000000000
u738,Natalie,Foster,amandadelgado@example.net,123,+213000000000
u739,Cheryl,Hernandez,georgebullock@example.org,123,+213000000000
u740,Michelle,Mitchell,dixonrichard@example.net,Male,+213000000000
u741,Victoria,Taylor,henry27@example.com,None,+213000000000
u742,Seth,Unknown,daniel10@example.net,Male,+213000000000
u743,Amanda,Miller,fschultz@example.com,Female,+213000000000
u744,Alyssa,Lee,johnwilliamson@example.com,Male,+213000000000
u745,Donna,Robles,hansonrobin@example.net,Unknown,+213000000000
u746,Jacob,Unknown,dgarcia@example.org,None,+213000000000
u747,Lauren,Johnson,xford@example.org,Unknown,+213000000000
u748,Christina,Grant,fkaufman@example.net,Female,+213000000000
u749,Tyler,Johnson,tiffanyreynolds@example.com,Female,+213000000000
u750,Danielle,Bond,mirandashawn@example.net,Other,+213000000000
u751,Susan,Williams,johnsonjoseph@example.org,None,+213000000000
u752,Kevin,Mcgee,nshields@example.net,Unknown,+213000000000
u753,Stephanie,Jones,dtownsend@example.org,Male,+213000000000
u754,Pamela,Key,jeanne33@example.net,Other,+213000000000
u755,Dan,Carter,valeriewilliams@example.com,Female,+213000000000
u756,William,Kirk,fhudson@example.com,None,+213000000000
u757,Michael,Murphy,thomasbrian@example.net,Unknown,+213000000000
u758,Michael,Unknown,briansantana@example.net,Unknown,+213000000000
u759,Tonya,Unknown,wendypatterson@example.net,Female,+213000000000
u760,Jennifer,Unknown,robert69@example.com,123,+213000000000
u761,Mary,Mayer,brittanylarson@example.org,Unknown,+213000000000
u762,Haley,Kelley,william64@example.net,Other,+213000000000
u763,Aaron,Lane,uking@example.com,123,+213000000000
u764,Anthony,Barnes,pierceleah@example.org,Female,+213000000000
u765,Donald,Johnson,mackenziewashington@example.org,Male,+213000000000
u766,Unknown,Wang,ashleywilliams@example.net,None,+213000000000
u767,Jennifer,Richardson,stevenwalker@example.com,Male,+213000000000
u768,Vickie,Rubio,unknown@example.com,None,+213000000000
u769,Melanie,Wilson,unknown@example.com,123,+213000000000
u770,Martha,Daniel,daughertychristina@example.net,123,+213000000000
u771,James,Mullins,maria25@example.net,Other,+213000000000
u772,Luis,Cooper,unknown@example.com,Other,+213000000000
u773,David,Murphy,bwhite@example.com,Other,+213000000000
u774,Tammy,Baldwin,ericamiller@example.com,Male,+213000000000
u775,Ann,Dodson,breanna43@example.org,Male,+213000000000
u776,Unknown,Robertson,wilkinsonnatalie@example.com,Female,+213000000000
u777,Barbara,Williams,valdezelizabeth@example.org,123,+213000000000
u778,Austin,Wilson,gordonjason@example.org,Other,+213000000000
u779,Alison,Ryan,harristhomas@example.com,Other,+213000000000
u780,Deborah,Brown,unknown@example.com,Male,+213000000000
u781,Marc,Ramos,harmonaaron@example.com,None,+213000000000
u782,Elizabeth,Owens,cheryl42@example.net,None,+213000000000
u783,Steven,Dawson,harriscarrie@example.org,123,+213000000000
u784,Jennifer,Hughes,laurabennett@example.com,Unknown,+213000000000
u785,Karen,Unknown,erica05@example.net,Unknown,+213000000000
u786,Erica,Hall,lindseycole@example.net,Other,+213000000000
u787,Bradley,Johnson,barberrobert@example.com,None,+213000000000
u788,Unknown,Martin,melissamurphy@example.org,Male,+213000000000
u789,Debra,White,randy46@example.org,Other,+213000000000
u790,Jamie,Thomas,unknown@example.com,Unknown,+213000000000
u791,Kimberly,Cook,unknown@example.com,None,+213000000000
u792,Alexis,Flores,tricia43@example.net,123,+213000000000
u793,Ivan,Summers,cglover@example.org,Male,+213000000000
u794,Gregory,Jones,kellersamantha@example.net,None,+213000000000
u795,Thomas,Smith,kathryn47@example.org,Other,+213000000000
u796,Alex,Martinez,unknown@example.com,Female,+213000000000
u797,Danielle,Cruz,qanderson@example.net,123,+213000000000
u798,Desiree,Long,mortonpaul@example.org,123,+213000000000
u799,Donald,Edwards,sabrina32@example.com,None,+213000000000
u800,Patrick,Brown,donald43@example.com,Other,+213000000000
u801,Jamie,Edwards,michelle42@example.net,Male,+213000000000
u802,Kelly,Finley,tylershaffer@example.org,Unknown,+213000000000
u803,Maria,Miller,vsweeney@example.com,Unknown,+213000000000
u804,Sydney,Bowen,john81@example.org,Unknown,+213000000000
u805,Brenda,Mahoney,alexandrabruce@example.net,Unknown,+213000000000
u806,Jared,Carson,ujones@example.net,None,+213000000000
u807,Anthony,Reynolds,lmoore@example.com,Female,+213000000000
u808,Ashley,Shaffer,bonnie67@example.com,Other,+213000000000
u809,Richard,Sullivan,briannapatterson@example.org,Unknown,+213000000000
u810,Christopher,Miller,scottmason@example.net,None,+213000000000
u811,Jose,Parrish,michaelking@example.org,Female,+213000000000
u812,Kristina,Gomez,tmiller@example.net,Other,+213000000000
u813,Unknown,Cook,charlesbailey@example.org,Male,+213000000000
u814,Daniel,Rodriguez,kmcbride@example.com,Male,+213000000000
u815,Pamela,Jackson,erikholland@example.net,Other,+213000000000
u816,Maria,Johnson,keithhernandez@example.net,Unknown,+213000000000
u817,Todd,Young,brendapatel@example.com,None,+213000000000
u818,Jordan,Aguirre,laura24@example.org,Unknown,+213000000000
u819,Tom,Curtis,joel75@example.net,Other,+213000000000
u820,Shelby,Hoover,zhoover@example.net,123,+213000000000
u821,Ashley,Martinez,jessica11@example.net,Unknown,+213000000000
u822,Jason,Sanders,tamifox@example.net,123,+213000000000
u823,Chad,Morrison,brandon57@example.net,Unknown,+213000000000
u824,Jennifer,Guzman,telliott@example.com,Male,+213000000000
u825,Caroline,Garner,hbates@example.net,123,+213000000000
u826,Jessica,Mooney,jharmon@example.net,Female,+213000000000
u827,Ryan,Unknown,jacksongregory@example.org,Female,+213000000000
u828,Unknown,Wise,aaron48@example.org,Unknown,+213000000000
u829,Jessica,Bennett,kristin20@example.net,Other,+213000000000
u830,Joshua,Alvarez,brianstafford@example.org,Unknown,+213000000000
u831,Matthew,Dawson,johnrichardson@example.com,Unknown,+213000000000
u832,William,Glover,egray@example.net,123,+213000000000
u833,Kiara,Mason,brandon76@example.org,Female,+213000000000
u834,David,Wong,skinnerleonard@example.org,None,+213000000000
u835,Michael,Garza,mary16@example.net,Unknown,+213000000000
u836,Unknown,Unknown,hendersonjack@example.com,Unknown,+213000000000
u837,Donna,Wagner,ebonydiaz@example.net,None,+213000000000
u838,Tanya,Harris,hbeasley@example.org,Unknown,+213000000000
u839,Tracy,Black,alexandriamason@example.net,Unknown,+213000000000
u840,Roy,Carpenter,oscott@example.net,Male,+213000000000
u841,Tracy,Horne,maddoxralph@example.org,Unknown,+213000000000
u842,Kelly,Newman,samuel14@example.org,123,+213000000000
u843,Unknown,Henry,dustinferrell@example.net,Unknown,+213000000000
u844,David,Bradley,milleromar@example.net,Male,+213000000000
u845,Joel,Gibson,dunnmichelle@example.org,Female,+213000000000
u846,Jamie,Estrada,daviddavis@example.com,None,+213000000000
u847,Dylan,Elliott,unknown@example.com,None,+213000000000
u848,Cynthia,Stein,hebertcraig@example.org,123,+213000000000
u849,Robert,Rocha,pierceclarence@example.org,Other,+213000000000
u850,Kyle,Unknown,likarla@example.net,Unknown,+213000000000
u851,John,Rogers,brownjoshua@example.com,None,+213000000000
u852,Melissa,Lee,matthew15@example.com,Male,+213000000000
u853,Unknown,Unknown,unknown@example.com,None,+213000000000
u854,Lisa,Rasmussen,longjessica@example.com,Unknown,+213000000000
u855,Cynthia,Riley,amyclements@example.com,Female,+213000000000
u856,Sylvia,Hughes,ythomas@example.net,Other,+213000000000
u857,Stacie,Mendez,unknown@example.com,123,+213000000000
u858,Rachel,Sims,jessica63@example.org,123,+213000000000
u859,Bradley,Hall,yrice@example.org,Male,+213000000000
u860,Jennifer,Rogers,matthew35@example.net,123,+213000000000
u861,Daniel,Martinez,priscilla86@example.com,Female,+213000000000
u862,Kelly,Hicks,ogarcia@example.com,Female,+213000000000
u863,Jonathan,Love,nicholas89@example.com,Other,+213000000000
u864,Heather,Williams,pnavarro@example.net,Other,+213000000000
u865,Jason,Alvarado,saraharrison@example.com,Other,+213000000000
u866,Mark,Davis,rowlanddavid@example.com,Unknown,+213000000000
u867,April,Alexander,danieltorres@example.com,Other,+213000000000
u868,Amy,Harvey,mark21@example.com,Unknown,+213000000000
u869,Jasmine,Reed,patrickjohnson@example.net,Male,+213000000000
u870,Daniel,Blair,hpeters@example.net,Male,+213000000000
u871,Krystal,Mullins,desireebaker@example.org,Male,+213000000000
u872,Andrew,Hill,veronica37@example.com,123,+213000000000
u873,Christopher,Buchanan,brian82@example.org,Other,+213000000000
u874,Dustin,Smith,douglas95@example.net,Female,+213000000000
u875,Scott,Martin,xwiggins@example.com,Unknown,+213000000000
u876,Travis,Hendricks,christopher68@example.net,123,+213000000000
u877,Unknown,Parker,hlane@example.org,Male,+213000000000
u878,Adam,Lyons,kevin82@example.net,Unknown,+213000000000
u879,Norma,Reynolds,jonathanlamb@example.org,Unknown,+213000000000
u880,Richard,Crosby,daniellemaxwell@example.org,123,+213000000000
u881,Leslie,Unknown,tamaramccoy@example.net,Male,+213000000000
u882,Gregory,Cunningham,youngdaniel@example.com,123,+213000000000
u883,Unknown,Riddle,qpeters@example.org,Female,+213000000000
u884,Darlene,Hoffman,angela18@example.com,None,+213000000000
u885,Unknown,Bishop,kbryan@example.net,123,+213000000000
u886,Angela,Martinez,fhunt@example.net,None,+213000000000
u887,Lindsay,Williams,justin22@example.org,Other,+213000000000
u888,Ethan,Le,ronniecastillo@example.net,123,+213000000000
u889,Unknown,Gibbs,jack63@example.com,Male,+213000000000
u890,Tyler,Wade,zhayden@example.org,Male,+213000000000
u891,Troy,Durham,phambonnie@example.net,Male,+213000000000
u892,Steven,Gomez,daniellewatkins@example.net,Other,+213000000000
u893,Jason,Hawkins,bryan95@example.org,Female,+213000000000
u894,Heidi,Unknown,joysmith@example.com,123,+213000000000
u895,Kristin,Mcdaniel,susanscott@example.com,Unknown,+213000000000
u896,Katie,York,scottberry@example.net,Unknown,+213000000000
u897,Donald,Graham,sphillips@example.net,Female,+213000000000
u898,William,Brewer,dprice@example.net,None,+213000000000
u899,James,Jensen,jonathan63@example.org,Unknown,+213000000000
u900,Emily,Frederick,gillsylvia@example.org,Unknown,+213000000000
u901,Courtney,Pacheco,martinezkevin@example.net,Unknown,+213000000000
u902,Alexandra,Cabrera,lorigreen@example.com,Unknown,+213000000000
u903,Kimberly,Patterson,qchavez@example.net,None,+213000000000
u904,William,Roberts,unknown@example.com,Unknown,+213000000000
u905,Marvin,Hooper,mosleylatasha@example.com,123,+213000000000
u906,Brian,Shaw,fjackson@example.com,123,+213000000000
u907,George,Knight,harperjared@example.net,Female,+213000000000
u908,Barbara,Bailey,carmen37@example.com,Other,+213000000000
u909,Bernard,Hughes,ericsullivan@example.com,None,+213000000000
u910,Aaron,Williamson,dennisbrown@example.org,123,+213000000000
u911,Arthur,Gilbert,melissablack@example.net,Other,+213000000000
u912,Carl,Young,stewartthomas@example.net,Male,+213000000000
u913,Unknown,Brooks,elizabeth80@example.org,Other,+213000000000
u914,Elizabeth,Lewis,ngarza@example.com,Other,+213000000000
u915,Christian,Cowan,solispaul@example.org,None,+213000000000
u916,Alan,Daniel,brittany93@example.com,None,+213000000000
u917,Michelle,Johnson,jared34@example.com,Male,+213000000000
u918,Matthew,Rodriguez,tonya56@example.org,Unknown,+213000000000
u919,Johnathan,Gonzales,chelseaboyle@example.com,Other,+213000000000
u920,Lindsey,Greene,quinndavid@example.com,Other,+213000000000
u921,Brenda,Williams,tina46@example.org,None,+213000000000
u922,Adam,Walter,harrispaula@example.net,Unknown,+213000000000
u923,Patricia,Perry,craigtimothy@example.com,Other,+213000000000
u924,Clinton,Gray,nathanieladams@example.net,Male,+213000000000
u925,Shawn,Thomas,ganderson@example.org,None,+213000000000
u926,Heidi,Williams,bryan20@example.org,123,+213000000000
u927,Matthew,Hardin,hcooke@example.net,Other,+213000000000
u928,Dawn,Yang,alejandropennington@example.net,Other,+213000000000
u929,Cheryl,Johnson,taylorcarrie@example.net,Unknown,+213000000000
u930,Amber,Barrett,morganchelsea@example.org,Unknown,+213000000000
u931,Vanessa,Ward,rpittman@example.com,Female,+213000000000
u932,Annette,Duran,perezcharles@example.org,123,+213000000000
u933,Christina,Collier,lbird@example.org,None,+213000000000
u934,Brittney,Gilmore,barnesanna@example.com,Male,+213000000000
u935,Jeffery,Unknown,emilyhernandez@example.com,None,+213000000000
u936,Michael,Murphy,davisstephanie@example.net,Female,+213000000000
u937,Amy,Russo,staffordroberto@example.net,Unknown,+213000000000
u938,Jamie,Reid,laura08@example.org,123,+213000000000
u939,Christy,Flores,robertsjose@example.net,Unknown,+213000000000
u940,Sharon,Michael,fsanchez@example.com,Other,+213000000000
u941,Sarah,Cook,victoriabell@example.com,None,+213000000000
u942,Patricia,Pena,fsims@example.net,Other,+213000000000
u943,Monica,Smith,heather37@example.net,None,+213000000000
u944,Jasmine,Brown,tracy20@example.org,None,+213000000000
u945,Unknown,Ross,blackdaniel@example.net,None,+213000000000
u946,Jacob,Huff,bwilliamson@example.org,None,+213000000000
u947,Andrew,Wolf,sarahcarter@example.net,Unknown,+213000000000
u948,James,White,pooletanya@example.org,Female,+213000000000
u949,Phillip,Ford,keithsanders@example.org,123,+213000000000
u950,Unknown,Knox,unknown@example.com,Male,+213000000000
u951,Michael,Watkins,josephnash@example.net,Male,+213000000000
u952,Kathleen,Byrd,megan94@example.org,None,+213000000000
u953,Stacey,Foster,yrodriguez@example.com,Other,+213000000000
u954,Jacob,Gilbert,wcurtis@example.org,Female,+213000000000
u955,Shari,Rivera,unknown@example.com,Female,+213000000000
u956,Sophia,Smith,rgregory@example.net,123,+213000000000
u957,Jodi,Patterson,erin16@example.org,Male,+213000000000
u958,Ashley,Parker,unknown@example.com,123,+213000000000
u959,William,Wilkerson,nicholsonbetty@example.com,Female,+213000000000
u960,Jennifer,Jackson,awilcox@example.net,Female,+213000000000
u961,Brian,Joyce,davissteven@example.net,Male,+213000000000
u962,Jason,Lawson,marymaddox@example.net,None,+213000000000
u963,David,West,michael09@example.org,Unknown,+213000000000
u964,Linda,Nunez,deborahmay@example.org,Female,+213000000000
u965,Juan,Horton,anthonykelly@example.com,Unknown,+213000000000
u966,Michelle,Rodriguez,kyle36@example.org,None,+213000000000
u967,Karen,Gordon,careyerik@example.org,Other,+213000000000
u968,Gloria,Ryan,pamela66@example.org,None,+213000000000
u969,Diana,Briggs,garciaamy@example.com,Male,+213000000000
u970,Jeremy,Reed,psharp@example.com,Male,+213000000000
u971,Julie,Unknown,unknown@example.com,123,+213000000000
u972,Mary,Murphy,froberts@example.org,Unknown,+213000000000
u973,Melinda,Lara,dperez@example.com,Female,+213000000000
u974,Hailey,Wallace,james69@example.com,Unknown,+213000000000
u975,Cynthia,Smith,unknown@example.com,Other,+213000000000
u976,Jeanette,Peters,rhoffman@example.com,Unknown,+213000000000
u977,Jose,Chandler,contrerasdave@example.com,None,+213000000000
u978,Barbara,Johnston,ericcoleman@example.org,Unknown,+213000000000
u979,Kenneth,Tucker,ljohnson@example.net,123,+213000000000
u980,Lawrence,Pitts,unknown@example.com,None,+213000000000
u981,Suzanne,Unknown,emiller@example.org,123,+213000000000
u982,Elizabeth,Unknown,unknown@example.com,Unknown,+213000000000
u983,Dawn,Thompson,philliptanner@example.net,Other,+213000000000
u984,Mary,Mccormick,bjordan@example.net,None,+213000000000
u985,James,Larson,lhayden@example.net,Male,+213000000000
u986,Brian,Becker,alexismorris@example.net,123,+213000000000
u987,William,Cunningham,nobleebony@example.net,Other,+213000000000
u988,Tina,Edwards,valenzuelatodd@example.com,Female,+213000000000
u989,Deborah,Foster,melaniefaulkner@example.net,None,+213000000000
u990,Melvin,Hall,henry18@example.org,123,+213000000000
u991,Samantha,Thomas,unknown@example.com,Other,+213000000000
u992,Robert,Stevens,ibarraralph@example.net,123,+213000000000
u993,Sarah,Lynch,maureenperez@example.net,123,+213000000000
u994,Kathryn,Pena,vrussell@example.org,Unknown,+213000000000
u995,Derek,Caldwell,lisabradshaw@example.com,Unknown,+213000000000
u996,Nicholas,Jones,dmiller@example.com,123,+213000000000
u997,Daniel,Steele,russell39@example.net,None,+213000000000
u998,Thomas,Bell,yparker@example.org,Other,+213000000000
u999,Micheal,Blankenship,wagnerkrystal@example.net,Male,+213000000000
u1000,Tonya,Price,hayneserin@example.org,None,+213000000000
